{"cameraMode":{"drawMode":0,"name":"Shaded","section":"Shading Mode"},"sceneLighting":true,"audioPlay":false,"sceneViewState":{"m_AlwaysRefresh":false,"showFog":true,"showSkybox":true,"showFlares":true,"showImageEffects":true,"showParticleSystems":true,"showVisualEffectGraphs":true,"m_FxEnabled":true},"in2DMode":false,"pivot":{"x":1.6094087362289429,"y":0.6546021103858948,"z":-1.5764713287353516},"rotation":{"x":0.03851547837257385,"y":0.9550036191940308,"z":-0.256926953792572,"w":0.14316388964653016},"size":14.635513305664063,"orthographic":false}